{
  "description": "东源AI微信小程序",
  "packOptions": {
    "ignore": [],
    "include": []
  },
  "setting": {
    "urlCheck": true,
    "es6": true,
    "enhance": true,
    "postcss": true,
    "preloadBackgroundData": false,
    "minified": true,
    "newFeature": true,
    "coverView": true,
    "nodeModules": false,
    "autoAudits": false,
    "showShadowRootInWxmlPanel": true,
    "uglifyFileName": true,
    "checkInvalidKey": true,
    "checkSiteMap": true,
    "uploadWithSourceMap": true,
    "compileHotReLoad": false,
    "lazyloadPlaceholderEnable": false,
    "useMultiFrameRuntime": true,
    "useApiHook": true,
    "useApiHostProcess": true,
    "useIsolateContext": true,
    "userConfirmedUseMultipleSubpackages": false,
    "enableTsNamespace": true,
    "showES6CompileOption": false,
    "minifyWXSS": true,
    "useCompilerPlugins": [
      "typescript"
    ],
    "babelSetting": {
      "ignore": [],
      "outputPath": "",
      "disablePlugins": []
    },
    "compileWorklet": false,
    "packNpmManually": false,
    "packNpmRelationList": [],
    "minifyWXML": true,
    "localPlugins": false,
    "disableUseStrict": false,
    "condition": false,
    "swc": false,
    "disableSWC": true
  },
  "compileType": "miniprogram",
  "libVersion": "2.10.4",
  "appid": "wxe32c7314bc26fbe1",
  "projectname": "东源AI",
  "isGameTourist": false,
  "simulatorType": "wechat",
  "simulatorPluginLibVersion": {},
  "condition": {
    "search": {
      "current": -1,
      "list": []
    },
    "conversation": {
      "current": -1,
      "list": []
    },
    "game": {
      "current": -1,
      "list": []
    },
    "plugin": {
      "current": -1,
      "list": []
    },
    "gamePlugin": {
      "current": -1,
      "list": []
    },
    "miniprogram": {
      "current": 0,
      "list": [
        {
          "id": -1,
          "name": "chat",
          "pathName": "pages/chat/index",
          "query": ""
        }
      ]
    }
  },
  "editorSetting": {}
}